hs2,sector,export_value,import_value,trade_balance,total_trade,export_ratio,exposure_us,exposure_cn,exposure_mx,exposure_jp,exposure_de,exposure_gb,hhi_concentration,top_partner,top_partner_name,top_partner_share,risk_score,shocked_risk_score,risk_delta,affected_export_value
06,Live trees and plants,1088448347,716308758,372139589,1804757105,0.6030996322892439,0.99642916174466,3.417249892321027e-05,0.0,3.605591397342081e-05,1.2127355445258116e-06,1.990907518929874e-05,0.9928732746141049,US,United States,0.99642916174466,99.8928748523398,100.0,9.953617355338125,108456167.40035708
46,Straw and basketware,12273979,51166020,-38892041,63439999,0.19347381778058007,0.9955382850550514,0.0,0.0,0.0,0.0,0.00017541172464025524,0.9911024241705032,US,United States,0.9955382850550514,99.77687893912125,100.0,9.933170294719844,1221921.6004461716
14,Vegetable plaiting materials,4262293,22116761,-17854468,26379054,0.16157868430085914,0.991366620885373,0.0,0.0,0.0,0.0,0.0,0.9828365954647639,US,United States,0.991366620885373,99.23450966339209,100.0,9.837778052021406,422549.5008633379
01,Live animals,3140212197,908320621,2231891576,4048532818,0.7756420257390039,0.9816795313907,0.0,0.001464554848531927,0.008570814742118902,0.0014854814598105703,6.830780421037011e-05,0.9637779997473708,US,United States,0.9816795313907,97.97916291810225,100.0,9.618413873949564,308268203.8018321
51,Wool,25748916,84849749,-59100833,110598665,0.23281398348873394,0.9788005841177708,0.0010612873543380484,0.0,0.0,0.0007782851604982066,0.0029555029440655697,0.9581208565177588,US,United States,0.9788005841177708,97.60629143939371,100.0,9.553709507444808,2520305.402119942
78,Lead,445196610,28560946,416635664,473757556,0.9397140022823952,0.9769299950937856,0.00020357747062903854,8.200871052902063e-06,1.1455612810134351e-06,0.0002977830395029669,0.00011160462315379126,0.9547157456602237,US,United States,0.9769299950937856,97.37219549733842,100.0,9.512581846948606,43492592.202307
99,Special imports,23262643005,20288584207,2974058798,43551227212,0.5341443741924251,0.9762881740540948,0.00010266920226493545,0.0012961360836007837,0.0035667966438121075,0.013244252337128438,0.00016185005285207274,0.9533311416347497,US,United States,0.9762881740540948,97.2853397460532,100.0,9.49785267029067,2271104326.3023715
37,Photographic goods,25005666,102835123,-77829457,127840789,0.19560005847898781,0.9653817672609972,0.002238492578502305,0.00020407374056448884,5.8426755822990044e-05,0.0002970926550369562,0.0196153935825827,0.9323739041765808,US,United States,0.9653817672609972,95.88709790744568,100.0,9.256765603541822,2414001.4034618232
57,Carpets,69420473,822652175,-753231702,892072648,0.07781930437820204,0.9646245428978201,0.000128434732381689,0.0001865011754313288,0.00017396884959327706,0.008722700452895207,0.0023533547178027046,0.9307072997050441,US,United States,0.9646245428978201,95.78362664263744,100.0,9.239523706724967,6696469.203537546
79,Zinc,1511192703,164229022,1346963681,1675421725,0.9019775018722659,0.9644116254282816,0.0007951593445490854,0.0005723816676129215,0.0004958996943383866,2.5576486637140355e-05,2.3901650599816554e-05,0.9304371058157161,US,United States,0.9644116254282816,95.76052789977071,100.0,9.235256636368831,145741181.10355887
19,Cereal preparations,9019322897,5578315315,3441007582,14597638212,0.6178617914347129,0.9639585255261143,0.001064281000753234,0.011969675686402064,0.0013894045197981335,2.9065263874534365e-05,0.006373894653749206,0.9294164207818613,US,United States,0.9639585255261143,95.69790561517377,100.0,9.224881199274009,869425320.1036042
94,Furniture,7726573752,11709552381,-3982978629,19436126133,0.39753671584193684,0.963407074721804,0.0017982594153851468,0.004279810567673747,0.0018459784965440943,0.0012561380128199237,0.002863078216448884,0.9282092239724202,US,United States,0.963407074721804,95.62274915323525,100.0,9.21236330385753,744383581.6036594
24,Tobacco,273199591,739992954,-466793363,1013192545,0.26964232226003765,0.9592557773658754,6.636905958483276e-05,0.0,0.0,0.0009686105241328472,8.305283267040897e-05,0.9206268536742456,US,United States,0.9592557773658754,95.1024593996609,100.0,9.122758362082848,26206828.604074422
45,Cork,7175557,25102182,-17926625,32277739,0.2223066732677071,0.9543475225201998,0.0003399038792523174,9.392997729235831e-05,0.0,0.0003031123154464085,0.002829187639483926,0.9112300856374225,US,United States,0.9543475225201998,94.47425147738933,100.0,9.016126783939683,684797.5045652478
15,Fats and oils,6724763285,3146825254,3577938031,9871588539,0.6812240256723666,0.951495582799314,0.0010791599185518157,0.02148974065761636,0.0018283993766141317,4.463517706636492e-05,0.0005164172852343877,0.9059430151357322,US,United States,0.951495582799314,94.11445627070047,100.0,8.954948941913088,639858256.1048505
55,Man-made staple fibers,96576947,371709053,-275132106,468286000,0.20623496494399798,0.9466887895442709,0.0006977441449071263,0.003946977077801216,0.0012262553585768727,3.463559440706285e-05,0.0006156748709847406,0.8964661820545345,US,United States,0.9466887895442709,93.49094601157475,100.0,8.850683051304657,9142831.305331122
96,Miscellaneous manufactured articles,1246216768,2183205247,-936988479,3429422015,0.36338973803333746,0.9451660957388385,0.011981929926991697,0.0017058252246965231,0.0013330008400809763,0.0013980617524494247,0.0037569146206858656,0.8936087392605117,US,United States,0.9451660957388385,93.29780057877244,100.0,8.818191791405908,117788183.70548339
32,Tanning and dye extracts,1573626129,3350730494,-1777104365,4924356623,0.3195597413336325,0.9451599802807037,0.005833676007909198,0.0017457539294927697,0.0010582418328297586,0.004602640908104392,0.0034244849505644646,0.893506848132649,US,United States,0.9451599802807037,93.29429294537519,100.0,8.81780320805531,148732844.105484
68,Stone and cement articles,1687893340,2421181717,-733288377,4109075057,0.410772087677937,0.9441743203132881,0.002173188856724093,0.0019380383348523442,0.0004377746994144934,0.0020911670863686402,0.00428969996155699,0.8916021572651196,US,United States,0.9441743203132881,93.16760458253034,100.0,8.796645973192781,159366554.7055826
09,"Coffee, tea, spices",1076429827,2924166032,-1847736205,4000595859,0.269067375128464,0.9431834185479298,0.003983593624460581,0.0,0.007088598626235764,0.0008081938807069178,0.006297847591789327,0.8900067214870354,US,United States,0.9431834185479298,93.04989278900446,100.0,8.776311597625167,101527076.40568167
60,Knitted fabrics,84949754,185357894,-100408140,270307648,0.314270625763905,0.94278529702646,0.0017647372849986442,0.009649774740374472,1.3843477241341074e-05,5.931741651285516e-05,0.0032812572561274605,0.8890931263720804,US,United States,0.94278529702646,92.99436262987912,100.0,8.767371779379701,8008937.905721471
70,Glass,911038869,3248522379,-2337483510,4159561248,0.21902282824156583,0.9397477925393019,0.003422169023369991,0.0021092294338659777,0.0012557938389610094,0.003451683680631541,0.009815180553163445,0.8833793100624724,US,United States,0.9397477925393019,92.60865702155112,100.0,8.7028781006032,85614676.60602522
18,Cocoa,3775311891,3638201389,137110502,7413513280,0.5092473363035175,0.9325250810297822,0.0006715386893920764,0.018536056887985455,0.0011104701068231637,9.306250981395738e-06,0.001003836797704236,0.8706972509314156,US,United States,0.9325250810297822,91.71883919050879,100.0,8.553011794808683,352057302.70674753
83,Miscellaneous metal articles,2392887142,3716525862,-1323638720,6109413004,0.39167218520693214,0.9276571402431577,0.001713526278075706,0.038551869974253944,0.0006506558424849208,0.00438547970417174,0.004625267026226819,0.8620969343536308,US,United States,0.9276571402431577,91.11752407997056,99.57010626137684,8.452582181406271,221977884.3072343
73,Iron and steel articles,8135835451,14875259944,-6739424493,23011095395,0.35356141509083683,0.9260949326535126,0.003958506190299484,0.015372409353394087,0.0011451120238315262,0.006570469045912066,0.003826801830455703,0.8580244533599656,US,United States,0.9260949326535126,90.8848942302073,99.30169823034186,8.416804000134562,753455598.4073906
56,Wadding and felt,289236807,980161714,-690924907,1269398521,0.22785342978365308,0.9253361314926418,0.005488419717313434,0.016180378397759113,0.001030951081440506,0.005298689370130236,0.005649837623709359,0.8566758671706597,US,United States,0.9253361314926418,90.79092139291438,99.19213339055158,8.40121199763719,26764126.807466388
87,Vehicles,72979529402,114250255504,-41270726102,187229784906,0.3897858956482276,0.9129892888191333,0.00760994844092774,0.022600757917907287,0.0004793203146985768,0.0031906245066911617,0.0010132001207034422,0.8344895150578431,US,United States,0.9129892888191333,89.2545044500596,97.40334510423602,8.148840654176425,6662952864.708702
39,Plastics,20226219687,24655199175,-4428979488,44881418862,0.4506590967799012,0.9080123916530062,0.020455109525259498,0.0123424911254232,0.001905033743050878,0.002337468876007988,0.006129689774582854,0.8251924238872249,US,United States,0.9080123916530062,88.62449349584018,96.67170732565961,8.047213829819427,1836565811.209199
34,"Soap, waxes",1626760978,4291761086,-2665000108,5918522064,0.27485932469865687,0.9072747859413709,0.013244996209120405,0.004098881203862464,0.0015655625091066314,0.0029675195448611753,0.004985804985921044,0.8237211017910321,US,United States,0.9072747859413709,88.5282988715482,96.56024821239197,8.031949340843767,147591921.80927253
76,Aluminum,16046580046,6669038904,9377541142,22715618950,0.7064117460595802,0.906503209618146,0.007851669366991068,0.02306278147219216,0.00048242273290172307,0.0014660608011859936,0.0011920091349044825,0.822770730520757,US,United States,0.906503209618146,88.44546213936984,96.46307166991973,8.01760953054989,1454627631.5093498
40,Rubber,4730246330,8870572577,-4140326247,13600818907,0.34779128830379985,0.900428897557978,0.019876867803652654,0.026079563381622123,0.0011213056633519326,0.0016029607063607276,0.0034260129105314454,0.8121504334058212,US,United States,0.900428897557978,87.69849372045715,95.59511952227781,7.896625801820662,425925048.80995715
52,Cotton,29086002,116120095,-87034093,145206097,0.2003084057805892,0.8990288902878818,0.0036580481683921987,0.0005567626462804119,0.0002591968377366942,4.98521574105593e-06,0.057575597444585284,0.8116772710220898,US,United States,0.8990288902878818,87.58599576635886,95.46022982421775,7.874234057858885,2614915.610097111
22,Beverages,2251086827,7529464784,-5278377957,9780551611,0.2301594957321309,0.8962325255096735,0.005524521686730779,0.001197386509695307,0.010592784206900437,0.0006210009239146061,0.005215933856461622,0.8050569827922295,US,United States,0.8962325255096735,87.18981514991167,95.00404997296437,7.814234823052701,201749723.21037674
27,Mineral fuels and oils,180753642285,43680350456,137073291829,224433992741,0.8053755140950813,0.8943188966849409,0.025921184429504005,0.0008707276711523848,0.020102830338824325,0.004370838047899141,0.003688467045909362,0.8012218282716976,US,United States,0.8943188966849409,86.93970633830061,94.7148885633588,7.775182225058188,16165139794.010569
20,Vegetable preparations,4267830168,3725408429,542421739,7993238597,0.533930035451195,0.8895076150346225,0.006231099164433504,0.01475447604672481,0.010783533593789543,0.0023506389904804107,0.003640905187106099,0.7922118379139401,US,United States,0.8895076150346225,86.32998705805181,94.00910514744957,7.679118089397761,379626743.41104925
80,Tin,31380051,111593906,-80213855,142973957,0.2194808861624996,0.875680735009617,0.007234850981126481,0.00011077100828258665,7.07455806637924e-06,0.0,0.0010194055765108355,0.7711732401363426,US,United States,0.875680735009617,84.72443512740473,92.14359068996879,7.4191555625640575,2747890.6124319267
48,Paper and paperboard,9917145932,8823831351,1093314581,18740977283,0.5291690919697505,0.8758976128500215,0.008743861649897938,0.011331008816364868,0.00012172836904446104,0.0014063261843905348,0.011368078251712866,0.7684569036723083,US,United States,0.8758976128500215,84.65757264462246,92.07270922353268,7.4151365789102215,868640444.8124102
25,"Salt, sulfur, stone, cement",1961742225,1508914961,452827264,3470657186,0.565236529942535,0.8727211472074415,0.047344394573887304,0.005023609559597663,0.002253956682685995,0.004380686150352559,0.0010362396104125048,0.7646168181385989,US,United States,0.8727211472074415,84.3187352416996,91.67740957682126,7.358674335121663,171205392.5127279
72,Iron and steel,11398696837,11163868164,234828673,22562565001,0.5052039444978703,0.871820074455427,0.004273016529190018,0.04021339680443917,0.00043946935962891514,0.0023883285420174976,0.0005529768963577379,0.7624545277135278,US,United States,0.871820074455427,84.1901966518316,91.53006700317329,7.339870351341688,993761272.512818
16,Meat preparations,1876862474,2064144881,-187282407,3941007355,0.4762392719573498,0.8686203313857612,0.009664126829537684,0.006188580226156421,0.03596052022937909,0.0008676506785613048,0.03514739352439768,0.7572660430807615,US,United States,0.8686203313857612,83.8089841599146,91.0888029193235,7.279818759408897,163028090.41313797
44,Wood,17066622812,4317165819,12749456993,21383788631,0.7981103398328802,0.8640650501027746,0.030425181929049996,0.0014501756598937498,0.045019735153151885,0.004729930571765546,0.014096198271678531,0.749918734199202,US,United States,0.8640650501027746,83.26746008199007,90.46231028875764,7.194850206767569,1474667229.5135937
86,Railway equipment,427121637,1963995984,-1536874347,2391117621,0.17862845100975966,0.8545898908544642,0.004659157539567218,0.011154068481072832,0.0006308343479428218,0.020359605382483572,0.002493718194628201,0.7328479601302538,US,United States,0.8545898908544642,82.08704153299107,89.10211711941554,7.015075586424473,36501383.31454101
21,Miscellaneous food,3384177060,5113633799,-1729456739,8497810859,0.3982410429878643,0.8497769286782598,0.019726547044283036,0.0010715984815902043,0.006386855536930193,0.0011191039746841426,0.005484241416882531,0.7233694123348036,US,United States,0.8497769286782598,81.46304675442964,88.38558852160492,6.922541767175275,287579558.81502235
17,Sugars,1736551307,2347587304,-611035997,4084138611,0.425194018121146,0.8486955341949505,0.0019615279918927682,0.00044394081329383905,0.017645859272244435,0.024590611750585835,0.02029840744561519,0.7222855025354089,US,United States,0.8486955341949505,81.35444342845895,88.25895871092385,6.904515282464899,147380333.91513047
11,Milling products,1646548544,551639461,1094909083,2198188005,0.7490480975720509,0.8402377623187539,0.007680492651372146,0.05046235366233918,0.06524466364883277,5.5847730866629264e-05,0.0008257855525298223,0.7130582581686968,US,United States,0.8402377623187539,80.48238272185671,87.24481643828615,6.762433716429442,138349226.41597626
74,Copper,6110207223,4842133404,1268073819,10952340627,0.5578905396147984,0.8369193254058449,0.07324838562627446,0.000882254202251259,0.0030119543127298688,0.0013293860097076144,0.0014968232115068444,0.7068390488790073,US,United States,0.8369193254058449,80.06170095444716,86.7622194298112,6.700518475364035,511375050.7163081
38,Miscellaneous chemicals,4745239186,8712924971,-3967685785,13458164157,0.35259186396379816,0.8167983309710454,0.013869725087895765,0.03351253535030709,0.007468160951103601,0.020291952461278535,0.003842102216880306,0.6697766217415609,US,United States,0.8167983309710454,77.530493388204,83.86317114808867,6.332677759884675,387590344.7183202
42,Leather articles,338801302,2511018957,-2172217655,2849820259,0.11888514751453132,0.8122482279827595,0.02251061295357533,0.0014516118906425812,0.016982357945654065,0.008869794694974948,0.008001601457831466,0.6629700808559027,US,United States,0.8122482279827595,77.00567202010643,83.26044408440173,6.254772064295295,27519075.71877518
95,Toys and games,1111021837,6143785127,-5032763290,7254806964,0.15314285305729014,0.8117861451072576,0.01230275277451387,0.0007793330161346478,0.0052205724510700395,0.005395010066399793,0.017000692834266324,0.6604772664426313,US,United States,0.8117861451072576,76.89793875527748,83.14040688216156,6.242468126884077,90191213.4188214
64,Footwear,239469283,3136899157,-2897429874,3376368440,0.07092510405323979,0.8110226946684319,0.008707930992936864,5.0707964700808977e-05,0.004432727163455335,0.005761018603120724,0.00816108841750243,0.6593357498660842,US,United States,0.8110226946684319,76.8098964800839,83.03935340213201,6.229456922048101,19421502.31889773
59,Impregnated textiles,585283929,667820642,-82536713,1253104571,0.4670671084264466,0.8080197452200678,0.011375244832025372,0.11048808908865822,0.00437896355705512,0.0024680773312877394,0.0025925724630778773,0.6653926673204715,US,United States,0.8080197452200678,76.78227135818993,82.9864304922162,6.20415913402627,47292097.119198024
69,Ceramic products,121416127,1494125404,-1372709277,1615541531,0.07515506385632183,0.8074195958546793,0.02008478642969079,0.01989862499980233,0.003756980291778041,0.005163333820034188,0.0030665036526284217,0.6538056031503029,US,United States,0.8074195958546793,76.39006783211786,82.55795160174988,6.167883769632013,9803376.019258043
49,Printed books and newspapers,1079635358,2474393943,-1394758585,3554029301,0.30377784375397365,0.8041264476592601,0.0018583246494060038,0.0037851992952372356,0.0008230000922005742,0.008124157778719065,0.004704387419011903,0.6483416451821377,US,United States,0.8041264476592601,75.99398007270392,82.10485699663913,6.1108769239352085,86816334.51958735
29,Organic chemicals,5032673191,9512299453,-4479626262,14544972644,0.34600774534492085,0.7954362493403089,0.13314233319682642,0.00346693324488772,0.00921258806824586,0.004947107441742265,0.0028886596537023856,0.650704944176636,US,United States,0.7954362493403089,75.45582836462472,81.45785847514703,6.002030110522313,400317068.7204564
84,Machinery,51358507455,103523122850,-52164615395,154881630305,0.331598442975651,0.7890697990146827,0.01037866212246649,0.017497612771747603,0.005355653106462425,0.01823732799872431,0.008508638191528056,0.6244670936697897,US,United States,0.7890697990146827,74.21647876089573,80.07267695883948,5.856198197943755,4052544715.5210934
97,Works of art,272741757,261734386,11007371,534476143,0.5102973445340527,0.7875051791665874,0.010529080772442627,0.0041456248148110855,0.0021824270854776846,0.011364303078225373,0.028428081775435356,0.6253711624618549,US,United States,0.7875051791665874,74.13404783316689,79.97214249528713,5.838094662120241,21478554.621249482
54,Man-made filaments,290325702,486829396,-196503694,777155098,0.37357498184541926,0.7827987038405622,0.018116057054721055,0.004784908761591804,0.07629682377794846,0.0015573715841480284,0.002193267745226126,0.6206685007039917,US,United States,0.7827987038405622,73.66182740177508,79.42806570303877,5.766238301263684,22726658.32172013
33,"Essential oils, cosmetics",3258092486,6186881697,-2928789211,9444974183,0.3449551499589361,0.7780436878678454,0.02212434800043784,0.013287979752798221,0.004081618325158368,0.006515555370113715,0.05519437514973159,0.6100803716677818,US,United States,0.7780436878678454,73.00837079332089,78.68874099904674,5.6803702057258505,253493829.32219565
85,Electrical machinery,21631636983,64516720480,-42885083497,86148357463,0.2510974976167074,0.777803942181762,0.015183533462721131,0.027271480907170534,0.00826635201636666,0.014868733154032667,0.013917026724453283,0.6071685196200504,US,United States,0.777803942181762,72.90357163967158,78.57404018171829,5.670468542046706,1682517252.1222198
30,Pharmaceuticals,14579066711,23477995550,-8898928839,38057062261,0.3830843960217394,0.7711800337497489,0.018514205492854322,0.005696396047878925,0.04548055860490941,0.00575193869789873,0.010311465745352712,0.5985009587161058,US,United States,0.7711800337497489,72.17705527414691,77.74320566637432,5.566150392227414,1124308515.8228822
08,Fruits and nuts,1070301942,7437072632,-6366770690,8507374574,0.1258087242502779,0.7482571794228724,0.018525342432271004,0.00042877900297336934,0.04684751095513988,0.03033939647813944,0.010437133252966541,0.565187085365947,US,United States,0.7482571794228724,69.56257969546493,74.76764966309568,5.205069967630749,80086111.22517428
82,Tools and cutlery,801391550,2854541598,-2053150048,3655933148,0.21920300983052796,0.7396626134382592,0.018303809145100408,0.03594531282998266,0.0034381819930118032,0.014804054254372841,0.007240707732392851,0.550493622093266,US,United States,0.7396626134382592,68.51576014936103,73.58361477073956,5.06785462137853,59275936.82603374
65,Headgear,94727907,524297533,-429569626,619025440,0.15302748598986904,0.7345284981908394,0.013934837450437521,0.0010025239869120724,0.005394735414192827,0.05220893297886405,0.03393081371542587,0.545292555645227,US,United States,0.7345284981908394,67.99848415787933,72.9931666026534,4.994682444774071,6958034.726547151
93,Arms and ammunition,396372411,624621035,-228248624,1020993446,0.38822228699377737,0.7334513205222769,0.00010730565173642812,0.0001892639288932147,0.0009102601217362221,0.0215009893271785,0.029918517638911762,0.5450615250348286,US,United States,0.7334513205222769,67.91594664501022,72.89725072014056,4.981304075130339,29071986.82665487
67,Feather articles,16347841,161473380,-145125539,177821221,0.09193413933461778,0.7255724027672888,0.16143341732810973,0.016091787527674907,0.0012861024715066368,0.014855355220585079,0.007239181783136882,0.5536410249842656,US,United States,0.7255724027672888,67.62252547275462,72.5290293016005,4.906503828845885,1186154.2274427598
35,Albuminoidal substances,481296302,1634301153,-1153004851,2115597455,0.22749899827824335,0.7140976667755539,0.011870552431814545,0.004459874274164121,0.07043000286665406,0.04309345796076061,0.013014055917234004,0.5184190823375381,US,United States,0.7140976667755539,65.75340625687942,70.4488416559377,4.695435399058283,34369256.62859023
66,Umbrellas,7604985,94109098,-86504113,101714083,0.07476825923143544,0.7109963121562617,0.00045982990632724376,0.0,0.0,0.032163504311513526,0.10349078880618584,0.5191231152002477,US,United States,0.7109963121562617,65.55713945841785,70.21822789746274,4.661088439044889,540711.6289003688
61,Knitted apparel,728731539,7545453115,-6816721576,8274184654,0.08807291224273506,0.6955142987224074,0.094672907940831,0.00908224858773095,0.016134633063912673,0.009739015824675299,0.019772496741392583,0.4973423989603099,US,United States,0.6955142987224074,63.81306757440974,68.25135766874386,4.438290094334121,50684320.53044858
53,Vegetable textile fibers,5978569,40862740,-34884171,46841309,0.12763453882908057,0.6769476647425722,0.07860056836333772,0.06655839105337899,0.0,0.0,0.0006325927437497596,0.47618115662553234,US,United States,0.6769476647425722,61.87134769847573,66.05971413237162,4.188366433895894,404717.8323052335
23,"Food waste, animal feed",4302118839,3511546454,790572385,7813665293,0.5505890868276038,0.6586007382353017,0.1994890004014859,0.003994924277823994,0.00835985716284862,0.002258743972772263,0.006396421164413952,0.4743759744559555,US,United States,0.6586007382353017,60.529888709042346,64.51639164794994,3.9865029389075985,283337864.33413994
03,Fish and seafood,6689972486,3074459510,3615512976,9764431996,0.6851368812907306,0.6569933430280788,0.17149942966574117,0.00014793857552078152,0.03069510515910736,0.0018641260519731042,0.009774653801203294,0.4632943697372779,US,United States,0.6569933430280788,60.08230621735628,64.02967373921405,3.947367521857764,439526738.83430076
04,"Dairy, eggs, honey",629068833,1460870396,-831801563,2089939229,0.300998624251864,0.6530980932366457,0.0025389145252107657,0.009918766695728562,0.03969170407192673,0.005723337106221988,4.176490485618304e-05,0.4352019363383536,US,United States,0.6530980932366457,58.96025804025853,62.81094125054188,3.85068321028335,41084365.534690194
92,Musical instruments,99200560,280029675,-180829115,379230235,0.2615839945842293,0.6519715447980178,0.0355941737063362,0.002328434412785226,0.0415655310658979,0.041212166128778246,0.021099699224483216,0.4340127649804577,US,United States,0.6519715447980178,58.84530695140341,62.68185351912541,3.836546567722003,6467594.234802846
89,Ships and boats,431370125,1733054584,-1301684459,2164424709,0.19930012950184808,0.6403574525696293,0.0007528940471876812,0.0012394135981498172,0.00020026885218286998,0.0005796483922486556,0.05216985749263499,0.4424197919364189,US,United States,0.6403574525696293,58.2846768164367,62.01697953343845,3.732302717001751,27623107.435964257
62,Woven apparel,1225527987,6118679947,-4893151960,7344207934,0.16687000121000795,0.6370049518607975,0.15478421942004641,0.0006139027483393549,0.02426860364775284,0.011014138503705882,0.008404340089212226,0.4349787317451976,US,United States,0.6370049518607975,57.82468706439779,61.50814826438003,3.68346119998224,78066739.63629952
28,Inorganic chemicals,9015367994,6639028117,2376339877,15654396111,0.5759000813253473,0.6299289223856025,0.014812577597948623,0.000727886981833624,0.00851736269030691,0.06095248949402425,0.07083476818186167,0.42309676718489153,US,United States,0.6299289223856025,56.96933312856316,60.55799619123338,3.5886630626702214,567904104.5370071
90,Optical and medical instruments,10467808040,19439875024,-8972066984,29907683064,0.35000397781565834,0.6316663654034999,0.048060014286614675,0.008503584384749227,0.021318832092251584,0.036811512256503746,0.022623483834670752,0.40558454477528927,US,United States,0.6316663654034999,56.56206550296361,60.13490093656079,3.5728354335971773,661216225.8368335
36,Explosives,442272730,328757879,113514851,771030609,0.5736124146874013,0.6290850113478961,0.00400428711938833,0.025866177582628307,0.006113910739841657,6.451222967214771e-05,0.0029519613317511993,0.40521085562768366,US,United States,0.6290850113478961,56.36970955055286,59.91584348778158,3.546133937228717,27822714.5370915
88,Aircraft,15289178283,11071709560,4217468723,26360887843,0.5799948155570174,0.6058908083827012,0.005402775902380863,0.008890559026461804,0.0125780570039692,0.01016659843404832,0.04854062136070778,0.375742438087903,US,United States,0.6058908083827012,53.852392411552415,57.115259368710205,3.26286695715779,926357258.939411
31,Fertilizers,8406184390,3164091749,5242092641,11570276139,0.7265327368409722,0.587306876504608,0.05206052896823733,0.0019171806434860775,9.098896293767963e-05,5.4976785959488474e-05,0.0001274674632580279,0.3689850684309634,US,United States,0.587306876504608,52.34467706166201,55.41891594033472,3.074238878672709,493700989.7412694
91,Clocks and watches,113965123,816846866,-702881743,930811989,0.12243624300542154,0.5653268977270626,0.003820361745054566,0.002007912525940831,0.002812667496417588,0.0006106429542427383,0.0016244443343912827,0.40550197817285644,US,United States,0.5653268977270626,51.90629853085078,54.84070120294485,2.934402672094066,6442754.943467312
43,Furskins,51651330,23087941,28563389,74739271,0.6910868759866968,0.5735846574795914,0.01602297528402511,0.00019883321109382448,0.0018930780312321478,0.0032361799156734217,0.0013901868279057514,0.3645780227051939,US,United States,0.5735846574795914,51.24899434386967,54.18855803055987,2.9395636866901995,2962641.0426415345
63,Other textile articles,416152493,1944370258,-1528217765,2360522751,0.1762967514917645,0.5686770965260634,0.0028883042089854686,0.0051947015364997426,0.009926743344231886,0.0017222989416951567,0.023153786505962885,0.33352344179113685,US,United States,0.5686770965260634,49.96643699163249,52.8079138228479,2.8414768312154095,23665639.14313229
05,Products of animal origin,406601080,317179017,89422063,723780097,0.5617743305232469,0.558652976134119,0.05892396287062503,0.059281770576502725,0.019542159062779275,0.021237924352690053,0.0166124767385948,0.32466884634853943,US,United States,0.558652976134119,48.99576707268676,51.73293018199982,2.737163109313059,22714890.344134703
98,Special classification provisions,3679536248,466065393,3213470855,4145601641,0.8875759336646847,0.5492262696281974,0.013809974018820979,0.022310239509750786,0.01784878651972753,0.03292297012508654,0.030803460634693695,0.30772709839620566,US,United States,0.5492262696281974,47.822645728650926,50.449191060380706,2.6265453317297798,202089796.7450774
02,Meat and edible meat offal,9281886888,3524156632,5757730256,12806043520,0.7248051962949439,0.5360744035673197,0.04519905704703099,0.0723697750288325,0.17959035354928682,0.00025311017340495844,1.082279941582253e-05,0.3313912781087577,US,United States,0.5360744035673197,47.615150995737835,50.16767736281864,2.5525263670808016,497578197.74639255
07,Vegetables,8294433853,4959251620,3335182233,13253685473,0.625820936317777,0.5350511774664156,0.035959102724794606,0.013061966845121339,0.00870197005250601,0.0014813496877878654,0.011820572654602304,0.3175746852277654,US,United States,0.5350511774664156,47.12590549205643,49.64738261432602,2.5214771222695873,443794659.9464949
58,Special woven fabrics,116500877,161932138,-45431261,278433015,0.4184161730302846,0.46210033713222315,0.0034209785097070256,0.4817410303122351,0.0004414559004439434,0.00019378394727634585,0.0007075740665233441,0.4459370936268888,MX,Mexico,0.4817410303122351,46.476623648690314,48.624309994373036,2.1476863456827218,5383509.453789967
13,"Lac, gums, resins",85528190,256870581,-171342391,342398771,0.24979117039590318,0.4324031359437966,0.01992437791651644,0.005981793769027572,0.002316253830272173,0.0701125316680672,0.01857184141776131,0.21950057378800714,US,United States,0.4324031359437966,36.962486191802554,38.560755685964025,1.598269494161471,3698265.756759687
81,Other base metals,695494253,834547695,-139053442,1530041948,0.45455894425284155,0.4315760572768154,0.07637550230573148,0.009635199660470524,0.04059359202125055,0.03775653479374396,0.020547820370633862,0.21424449026895548,US,United States,0.4315760572768154,36.74565779549604,38.331512406838364,1.5858546113423273,30015866.756842393
47,Wood pulp,7177049291,736230306,6440818985,7913279597,0.9069626824273876,0.37994587497672155,0.37945759729359263,0.00168608665032978,0.02870252810296569,0.002094737738078224,9.973499844816169e-05,0.2977246823797503,US,United States,0.37994587497672155,35.64652617347666,37.00090123116288,1.3543750576862195,272689027.26200545
71,Precious metals and jewelry,41303158215,23350571848,17952586367,64653730063,0.6388364317745391,0.2671435635816755,0.0001821217389881351,0.001259393355054619,4.1883867353510465e-05,0.013064657384746077,0.49343668402831753,0.33267005156782775,GB,United Kingdom,0.49343668402831753,35.57887438333087,36.52934111242965,0.9504667290987783,1103387287.2732856
41,Raw hides and skins,153384600,71624531,81760069,225009131,0.6816816661467766,0.13628462612097547,0.5603614602746204,0.03884512500704031,0.053027441783416056,3.437763612267701e-05,0.0011164810475335787,0.34630919847348063,CN,China,0.5603614602746204,32.74561355844959,33.19188592854111,0.44627237009152054,2090396.2863715375
75,Nickel,4023287391,821012948,3202274443,4844300339,0.8305198085633146,0.32761815589434284,0.04717160732225415,0.00016441132227225193,0.04721737785318022,0.003969331157340301,0.011605126467684366,0.2034095720403389,US,United States,0.32761815589434284,29.126322113250993,30.080553307123783,0.9542311938727899,131810199.5672382
12,Oil seeds,9932714067,1662500490,8270213577,11595214557,0.8566218432022912,0.11054011859027371,0.47154344733323095,0.03696955791600061,0.11268596743421327,0.013919181308703309,0.010324110942684995,0.252587541512093,CN,China,0.47154344733323095,26.215771118896814,26.505560563738648,0.28978944484183344,109796339.08894598
50,Silk,676027,4640511,-3964484,5316538,0.1271554671187402,0.2764707970675771,0.11964593182530901,0.0,0.22061216399320738,0.0,0.0,0.17019491206316334,US,United States,0.2764707970675771,24.535083132315474,25.21340653128653,0.678323398971056,18690.172352920297
26,Ores and slag,14644478428,4469909457,10174568971,19114387885,0.7661494846364446,0.04972611134842077,0.3066895292840204,0.0049046557272920685,0.14532763118319725,0.04465398649534929,0.012550603484520998,0.14618798378820974,CN,China,0.3066895292840204,15.613977449981908,15.69161968810886,0.07764223812695192,72821296.4950274
10,Cereals,11542619501,1505010513,10037608988,13047630014,0.8846525758111022,0.1395158666298381,0.12983635783370726,0.02858007395486266,0.07956183384896957,0.00014743681013699934,0.024895620266284335,0.06372318099511406,US,United States,0.1395158666298381,11.711526971444323,11.8749213549423,0.16339438349797675,161037856.28604844
